Reference Number,Grid Ref: Easting,Grid Ref: Northing,Accident Date,Time (24hr),Casualties
3AP0313,426340,428455,3/17/2017,815,1
3BE0850,430828,433222,1/14/2017,1330,1
4110858,428940,429856,1/1/2017,805,2
4111495,429899,434277,1/1/2017,1705,1
4111706,435946,436807,1/1/2017,1200,1
4120471,443658,436768,1/2/2017,1230,2
4121054,442103,434572,1/2/2017,1807,3
4121066,430501,437057,1/2/2017,1800,1
4121358,431382,438004,1/2/2017,2120,1
4130470,420176,445342,1/3/2017,1115,1
4140404,421525,428537,1/4/2017,1048,1
4140453,427512,432598,1/4/2017,1130,2
4140460,440390,433058,1/4/2017,1132,1
4141066,428934,433453,1/4/2017,1700,1
4141070,431409,429362,1/4/2017,1710,1
4141114,429926,437020,1/4/2017,1645,1
4150393,429962,436643,1/5/2017,1005,1
4150550,426818,435487,1/5/2017,1200,1
4150991,432483,433871,1/5/2017,1550,1
4161249,428268,434138,1/6/2017,1857,1
4161393,426232,427445,1/6/2017,2010,4
4170465,419001,442121,1/7/2017,956,1
4170476,418684,445539,1/7/2017,1004,1
4170512,435907,425856,1/3/2017,1730,2
4170626,430604,434563,1/7/2017,1100,1
4171908,431003,434499,1/7/2017,2333,1
4190321,422393,442334,1/9/2017,847,2
4190351,429125,431824,1/9/2017,912,1
4190923,422670,437868,1/9/2017,1510,1
4191303,429284,433672,1/9/2017,1853,1
41A0725,430424,433960,1/10/2017,1400,2
41A0837,429398,431344,1/10/2017,1520,1
41A1233,431946,435786,1/10/2017,1850,1
41A1358,431081,430345,1/10/2017,954,4
41B0375,427322,437205,1/11/2017,745,1
41B0624,436201,436472,1/11/2017,1300,2
41B0716,424929,427642,1/11/2017,1145,2
41B1649,428570,433002,1/11/2017,2040,1
41C0190,423052,439311,1/12/2017,640,2
41C0202,422686,437858,1/12/2017,710,1
41C0267,424944,434437,1/12/2017,820,1
41C0311,426197,435960,1/12/2017,815,1
41C0498,429913,437438,1/12/2017,1125,1
41C0563,434855,428429,1/12/2017,1205,1
41C0873,437291,435675,1/12/2017,1500,1
41C1238,431381,435358,1/12/2017,1845,1
41D0238,428080,433188,1/13/2017,715,1
41D0323,430266,436769,1/13/2017,854,1
41D0385,430815,434504,1/13/2017,925,1
41D1270,430708,439034,1/13/2017,1710,1
41D1308,440332,434550,1/13/2017,1750,2
41D1678,428276,431564,1/13/2017,2115,2
41E0023,437522,431960,1/14/2017,10,1
41E0499,420203,445698,1/14/2017,1103,1
41E0929,428378,432525,1/14/2017,1515,1
41E1254,430498,437103,1/14/2017,1817,1
41E1591,431863,435107,1/14/2017,2120,3
41F0014,432853,434337,1/15/2017,9,1
41F0594,428837,440134,1/15/2017,1230,2
41F0644,429987,438567,1/15/2017,1308,1
41F0731,428342,434078,1/16/2017,1400,6
41F1134,443545,438278,1/15/2017,1800,2
41F1285,430511,434358,1/15/2017,1917,1
41F1420,425909,435509,1/15/2017,2100,2
41G0068,432754,429756,1/16/2017,140,1
41G0151,424945,434437,1/16/2017,627,1
41G0256,421307,428923,1/16/2017,905,1
41G0491,432278,432587,1/16/2017,1120,1
41G1022,431816,430458,1/16/2017,1605,1
41G1249,443329,435492,1/16/2017,1755,1
41G1279,430882,432024,1/16/2017,1815,1
41H0941,430855,433361,1/17/2017,1430,4
41H1209,427498,425512,1/17/2017,1730,4
41H1534,428931,432429,1/17/2017,1715,1
41I0945,437637,433169,1/18/2017,1545,2
41I1210,432385,436372,1/18/2017,1758,1
41I1381,427999,436010,1/5/2017,1740,1
41J0305,431435,431610,1/19/2017,835,1
41J0331,431115,430363,1/19/2017,901,2
41J0590,432831,435186,1/18/2017,1700,1
41J0608,428377,435261,1/19/2017,1145,1
41J0890,430842,424389,1/19/2017,1920,1
41K0261,433670,425849,1/20/2017,745,1
41K0529,423365,433599,1/20/2017,1100,1
41K1027,428137,426346,1/20/2017,1540,2
41K1235,425131,433893,1/17/2017,1730,1
41K1530,429410,433938,1/20/2017,2007,3
41K1558,432042,434989,1/20/2017,2015,2
41K1642,429895,433410,1/20/2017,2020,1
41K1678,429034,431996,1/20/2017,2128,1
41L0610,422947,443102,1/21/2017,1100,3
41L0722,431965,430309,1/21/2017,1224,1
41L0776,427976,435308,1/20/2017,1300,1
41L0823,424149,427904,1/21/2017,1329,1
41L0862,432287,438836,1/21/2017,1350,3
41L1506,429169,431942,1/21/2017,1950,1
41L1628,430024,432605,1/21/2017,2118,1
41M0349,429293,433679,1/22/2017,645,1
41M0542,434937,428908,1/22/2017,1115,1
41M0938,434252,434278,1/22/2017,1530,1
41M1009,427483,434591,1/22/2017,1630,1
41M1270,431966,435835,1/22/2017,1903,3
41M1419,433495,435155,1/22/2017,2030,1
41N0728,421032,445002,1/18/2017,1845,1
41N1111,428420,428758,1/23/2017,1700,1
41O0306,430973,435826,1/24/2017,901,1
41O0573,427312,434684,1/24/2017,1205,1
41O0994,427529,430960,1/24/2017,1608,1
41O1063,436558,436164,1/24/2017,1640,1
41P0047,425569,433062,1/25/2017,128,1
41P0349,430355,433052,1/25/2017,955,1
41P0498,430103,431583,1/25/2017,1125,1
41P0554,430574,430623,1/25/2017,1147,1
41P0602,431949,432600,1/25/2017,1200,1
41P0877,434608,428101,1/25/2017,1500,1
41P1213,426190,442454,1/25/2017,1754,1
41Q0386,431388,435014,1/26/2017,953,1
41Q0952,424179,428212,1/26/2017,1232,1
41Q1278,429647,433796,1/26/2017,1716,1
41Q1329,432908,435044,1/26/2017,1845,1
41R0226,430518,431577,1/27/2017,735,3
41R0385,440401,446862,1/27/2017,1010,1
41R1275,438357,440696,1/27/2017,1855,1
41R1294,421957,428201,1/27/2017,1900,2
41R1582,430316,431181,1/27/2017,2200,1
41S0145,427201,434752,1/28/2017,200,4
41S0531,433001,426259,1/10/2017,725,1
41S0890,428500,433200,1/28/2017,1510,1
41S1246,431036,431334,1/28/2017,1445,1
41T0497,424150,435969,1/29/2017,1045,1
41T1161,430782,438592,1/29/2017,1730,1
41U0187,431949,428020,1/30/2017,705,1
41U0272,432059,435965,1/30/2017,846,1
41U0518,436864,433662,1/30/2017,1146,1
41U0676,430097,433239,1/30/2017,1329,1
41U0857,433169,436159,1/30/2017,1510,2
41U1239,420178,441796,1/30/2017,1823,1
41U1598,430637,438185,1/30/2017,2144,2
41V0011,428164,436724,1/31/2017,9,1
41V0227,425027,433155,1/31/2017,814,1
4210168,431900,430373,2/1/2017,710,2
4210950,428087,426535,2/1/2017,1534,1
4211417,431765,435538,2/1/2017,1915,1
4220251,431971,437046,2/2/2017,820,3
4220293,434423,425867,2/2/2017,901,2
4220549,427569,436873,2/2/2017,840,1
4220566,430675,436800,2/2/2017,1200,2
4220616,440575,432100,2/2/2017,1230,3
4220736,431507,432550,2/2/2017,1315,1
4220863,440935,445753,2/2/2017,1445,1
4230442,424589,439358,2/3/2017,1011,1
4230500,430119,433796,1/21/2017,1909,1
4230566,428046,424375,2/3/2017,1130,1
4230696,431002,426514,2/3/2017,1243,1
4231034,430156,433763,2/3/2017,1155,1
4231213,421297,434056,2/3/2017,1615,1
4231514,427206,435738,2/3/2017,1920,1
4240448,425413,440393,2/4/2017,905,1
4240541,428749,438559,2/4/2017,1019,1
4241230,431288,433861,2/4/2017,1450,1
4241239,427983,436032,2/4/2017,1631,1
4241383,435406,433577,2/4/2017,1805,1
4241546,429597,432562,2/4/2017,1936,2
4241593,433758,425846,2/4/2017,2003,6
4241625,428630,436980,2/4/2017,2024,4
4251310,425964,434125,2/5/2017,1810,3
4251517,433897,436116,2/5/2017,2000,2
4260435,429417,433854,2/6/2017,950,1
4261212,431204,434324,2/6/2017,1718,1
4261261,432397,434884,2/6/2017,1430,1
4261344,430211,434362,2/6/2017,1815,1
4270713,428010,426242,2/7/2017,1055,1
4270865,429603,431816,2/10/2017,1450,1
4271286,429213,433497,2/7/2017,1740,1
4280712,429904,434337,2/8/2017,1302,1
4280787,431768,434662,2/8/2017,1144,1
4280868,426626,428772,2/8/2017,800,2
4280921,425139,437864,2/8/2017,1415,1
4281245,429763,432753,2/8/2017,1730,1
4281247,421056,439384,2/8/2017,1811,1
4281279,417883,443325,2/8/2017,1630,1
4281406,430098,433900,2/8/2017,1900,1
4281410,430349,431183,2/8/2017,1900,1
4281539,438867,426776,2/6/2017,1500,1
4281541,425541,432450,2/8/2017,2024,1
4281569,429040,433534,1/21/2017,1700,1
4281676,430914,436997,2/8/2017,1130,1
4290195,429076,433048,2/9/2017,645,1
4290251,429910,436617,2/9/2017,800,1
4290388,430778,438714,2/9/2017,918,1
4290660,427403,431207,2/6/2017,810,1
4290970,441867,427768,2/9/2017,1429,1
4291614,430380,434973,2/9/2017,2015,2
42A0906,430627,426522,2/10/2017,1450,1
42A1271,428644,436994,2/10/2017,1800,2
42A1367,426612,429714,2/10/2017,1854,1
42A1453,428093,434657,2/10/2017,1930,1
42A1657,429986,431295,2/10/2017,2123,1
42C1415,429180,438756,2/12/2017,2038,1
42D0516,428097,434513,2/13/2017,1100,1
42D0897,429828,432296,2/13/2017,1435,1
42D1529,427558,433895,2/13/2017,1728,2
42E0246,422914,433585,2/14/2017,715,2
42E0449,428191,427777,2/14/2017,1033,1
42E0563,428858,436547,2/14/2017,830,1
42E0803,430699,433451,2/14/2017,1331,1
42E1039,427986,430307,2/14/2017,1625,1
42F0366,432050,439738,2/15/2017,855,1
42F0422,422475,427902,2/15/2017,947,1
42F0657,433240,434039,2/15/2017,1200,1
42F0796,433678,429590,2/15/2017,730,1
42F1242,431437,435719,2/15/2017,1715,1
42G0389,430696,433338,2/16/2017,900,1
42G1381,425186,436012,2/16/2017,1900,3
42H0172,422439,432162,2/17/2017,430,2
42H0287,427569,434540,2/17/2017,805,1
42H0769,427710,430880,2/17/2017,845,1
42H0887,434359,432773,2/17/2017,1438,1
42H1068,432656,436882,2/17/2017,1600,1
42H1544,434683,433570,2/17/2017,2000,1
42I0049,430569,435259,2/18/2017,40,1
42I1347,430418,433809,2/18/2017,1640,1
42I1688,426282,435582,2/18/2017,2056,1
42J0537,435845,440373,2/19/2017,935,1
42J0807,433926,434122,2/19/2017,1300,1
42J0883,437431,425628,2/19/2017,1350,2
42J1447,441546,431859,2/19/2017,1855,2
42J1718,434386,425866,2/19/2017,2149,5
42K0813,421962,436562,2/20/2017,1245,1
42L0971,421626,434915,2/21/2017,1506,1
42L1122,430063,433752,3/5/2017,1629,1
42M0677,430840,433326,2/22/2017,1015,1
42M0823,431745,428514,2/22/2017,1515,1
42M1015,426223,427417,2/22/2017,1526,1
42M1389,425024,433158,2/22/2017,1822,1
42N0039,428682,433139,2/23/2017,43,2
42N0362,430542,432699,2/23/2017,905,1
42N1143,427498,435929,2/23/2017,1730,1
42N1476,435554,433602,2/23/2017,1500,1
42O0353,435087,436579,2/24/2017,900,1
42O0419,421206,434127,2/24/2017,1830,1
42O0451,420496,445124,2/24/2017,1004,1
42O0601,432735,429742,2/24/2017,1130,1
42O0673,430773,438444,2/24/2017,1216,1
42O0912,429002,431052,2/24/2017,1430,1
42O1335,424723,434446,2/24/2017,1810,1
42P0067,426632,433498,2/25/2017,33,1
42P0073,422056,434242,2/25/2017,50,1
42P0232,430404,424224,2/25/2017,320,3
42P1293,427482,432594,2/25/2017,1813,1
42P1826,429469,430434,2/25/2017,2320,3
42Q0010,436352,433868,2/26/2017,4,1
42Q1021,424993,432898,2/26/2017,1445,1
42R0224,420184,441799,2/27/2017,810,1
42R0333,430221,431982,2/27/2017,825,1
42R0651,424067,428058,2/27/2017,1240,1
42R0855,429150,426408,2/27/2017,1425,1
42S0213,431917,428200,3/2/2017,754,1
42S0227,432866,427586,2/28/2017,800,1
42S0853,423910,430226,2/28/2017,1425,1
42S1230,429556,434236,2/28/2017,1643,1
42S1338,430174,432871,2/28/2017,1813,1
42S1557,428836,434635,2/28/2017,1630,1
4310185,432491,434874,3/1/2017,658,1
4310195,417632,441398,3/1/2017,720,2
4310587,422235,433356,3/1/2017,1221,1
4310640,429787,427582,3/1/2017,1246,1
4310998,429796,438126,3/1/2017,1551,1
4311068,431052,437866,3/1/2017,1626,2
4311364,428497,437147,3/1/2017,1815,1
4311490,428550,434981,3/1/2017,1835,1
4320618,428455,431349,3/2/2017,1146,2
4320734,423649,434879,3/2/2017,1255,1
4321314,420944,434447,3/2/2017,1340,3
4321414,443110,433207,3/2/2017,1836,3
4330322,432498,434027,3/3/2017,815,1
4330520,425138,434370,3/5/2017,1030,1
4331016,427115,434815,3/3/2017,1435,1
4331487,431762,435552,3/3/2017,1900,1
4331802,425225,435780,3/3/2017,1910,1
4340426,422182,428745,3/4/2017,820,1
4340749,428864,433371,3/4/2017,1110,1
4341691,436158,431159,3/4/2017,2045,2
4350527,430376,433530,3/5/2017,910,1
4350897,428957,435464,4/5/2017,1405,1
4360298,424758,438418,3/6/2017,826,1
4360611,427158,433521,3/6/2017,1130,1
4360740,430485,433853,3/3/2017,2015,3
4360793,429600,433965,3/6/2017,1312,1
4361076,423441,429921,3/6/2017,1515,1
4370562,430985,433454,3/7/2017,945,1
4371573,433116,434029,3/7/2017,1715,1
4371824,427909,434081,3/7/2017,2055,2
4380224,429189,431919,3/8/2017,817,1
4380455,429372,433759,3/8/2017,1410,1
4381184,431360,435256,3/8/2017,1700,1
4381244,420712,440962,3/8/2017,1038,1
4381922,431229,434811,3/7/2017,2207,2
4390352,433310,426326,3/9/2017,853,2
4391051,433341,425886,3/9/2017,1535,1
4391331,419137,444527,3/9/2017,1738,1
4391670,435722,436924,3/9/2017,2015,1
4391696,431510,425103,3/9/2017,2030,2
43A0810,427426,431237,3/10/2017,1334,2
43B0487,424128,428173,3/11/2017,1400,1
43B0950,427182,435265,3/11/2017,1327,1
43B1104,426291,433335,3/11/2017,1440,1
43B1108,428445,434362,3/11/2017,1442,1
43B1131,430306,433081,3/11/2017,1453,1
43B2150,427958,436095,3/11/2017,2322,1
43C0679,430839,428405,3/10/2017,1330,1
43C1364,430876,432299,3/12/2017,1715,1
43C1840,433561,429707,3/12/2017,2115,1
43D0247,429311,436087,3/13/2017,735,1
43D0356,425015,433156,3/13/2017,815,1
43D0362,428650,435650,3/13/2017,905,1
43D0388,431819,433225,3/13/2017,916,1
43D0669,427850,434406,3/13/2017,1145,1
43D1567,431215,433707,3/13/2017,1740,1
43E0213,442910,430929,3/14/2017,714,1
43E0234,433853,435844,3/12/2017,1015,1
43F0228,426230,433076,3/15/2017,800,1
43F1519,425190,438930,3/15/2017,1900,1
43F1625,431311,433679,3/15/2017,1950,1
43G1116,430001,428088,3/16/2017,1610,1
43G1340,429712,437762,3/16/2017,820,1
43G1403,428321,429560,3/16/2017,1815,1
43G1455,427933,435714,3/16/2017,1745,1
43G1841,428594,434562,3/16/2017,2300,1
43H0038,423842,434259,3/17/2017,37,1
43H0348,420500,433957,3/15/2017,1440,1
43H0711,421497,434608,3/17/2017,1210,1
43H0862,428716,433218,3/17/2017,1350,1
43H1212,419486,445015,3/17/2017,1640,1
43H1389,428492,431580,3/17/2017,1815,1
43H1539,431896,434915,3/17/2017,1930,1
43H1717,421103,434543,3/27/2017,1825,1
43I1929,430869,433352,3/18/2017,2245,1
43J0576,424817,425559,3/19/2017,1000,1
43J0732,436005,428266,3/19/2017,1240,1
43J0844,426370,428469,3/19/2017,1355,1
43J1516,431164,435810,3/19/2017,1946,2
43K0921,430032,432530,3/20/2017,1230,1
43L0323,430901,435528,3/21/2017,845,1
43L0335,431766,435529,3/21/2017,850,1
43L0347,423625,443388,3/21/2017,900,1
43L0448,432712,436886,3/21/2017,755,1
43L0454,441756,427852,3/21/2017,955,1
43L1206,421931,432530,3/21/2017,1645,1
43L1218,432513,438027,3/21/2017,1652,1
43L1514,439215,432248,3/21/2017,1650,1
43L1560,430538,433299,3/21/2017,1935,1
43L1587,429610,433964,3/21/2017,1830,1
43M0555,436043,435761,3/22/2017,1115,1
43M0582,433631,425850,3/22/2017,1130,1
43M0763,433167,435237,3/22/2017,1322,1
43M0808,430062,433712,3/22/2017,1345,1
43M1120,429861,433786,3/22/2017,1500,1
43M1325,428576,434227,3/22/2017,1634,2
43M1412,428963,435464,3/22/2017,1910,1
43M1418,430891,436425,3/22/2017,1918,3
43N0295,424901,443470,3/23/2017,820,1
43N0742,415907,442017,3/23/2017,1235,3
43N1330,438247,432793,3/23/2017,1716,1
43N1414,432274,427085,3/23/2017,1755,1
43O0354,438275,436494,3/24/2017,900,1
43O0409,428464,426302,3/24/2017,830,1
43O0655,435596,433611,3/24/2017,1200,1
43O0926,428093,434585,3/24/2017,1420,1
43O1176,435674,434784,3/24/2017,1635,1
43O1390,424186,438895,3/24/2017,1815,3
43O1935,430087,431254,3/24/2017,403,1
43P0534,439849,432404,3/24/2017,1230,1
43P0668,431093,433558,3/25/2017,1200,1
43P0722,425729,428089,3/25/2017,1230,2
43P0753,434447,433684,3/25/2017,1251,2
43P0807,420828,439684,3/25/2017,1320,2
43P1031,429377,434952,3/28/2017,1514,1
43P1599,428758,432733,3/25/2017,1940,1
43P1723,432851,434336,3/25/2017,2040,1
43Q0655,442249,449085,3/26/2017,1245,1
43R0212,434484,429208,3/27/2017,635,1
43R0261,429960,436591,3/27/2017,730,1
43R0288,428505,433061,3/27/2017,750,1
43R0485,430892,434833,3/27/2017,1030,2
43R0728,425604,434252,3/27/2017,1258,2
43R1090,424255,435382,3/27/2017,800,1
43S0181,434904,437720,3/28/2017,708,1
43S1129,426852,436030,3/28/2017,1000,1
43S1198,425242,436499,3/28/2017,1700,1
43S1285,432407,434830,3/28/2017,1500,1
43T0538,430980,432090,3/29/2017,540,1
43T0558,425924,432244,3/29/2017,1124,1
43T0998,429059,433651,3/29/2017,1455,1
43T1054,430008,434185,3/29/2017,1522,1
43T1102,425846,434389,3/29/2017,1543,1
43T1201,431361,435244,3/29/2017,1625,1
43T1241,437302,429504,3/29/2017,1640,1
43T1313,427641,431075,3/29/2017,1716,2
43T1361,425822,438089,3/29/2017,1730,1
43U0477,428834,425826,3/30/2017,1032,1
43V0956,425279,435052,3/31/2017,1440,1
43V1114,428829,429770,3/31/2017,1549,1
43V1189,441987,445622,3/31/2017,1620,1
4410095,427661,427927,4/1/2017,30,1
4410814,431079,431373,4/1/2017,1130,1
4410821,419983,440944,4/1/2017,1237,1
4410914,433184,434016,3/31/2017,1550,1
4411559,430950,433396,4/1/2017,1600,1
4411561,431817,434938,4/1/2017,1930,1
4420737,429514,431134,4/2/2017,1200,1
4421162,428580,427719,4/2/2017,1559,2
4421439,429633,430910,4/2/2017,1812,1
4430412,418841,442074,4/3/2017,945,1
4431389,426311,433090,4/3/2017,1733,1
4431574,430619,431832,4/3/2017,1853,3
4431631,433965,433102,4/3/2017,1919,1
4440478,421847,432953,4/4/2017,1025,1
4440715,429137,433091,4/3/2017,1610,1
4440997,429160,438586,4/4/2017,1525,1
4441436,429780,433662,4/4/2017,2350,1
4450184,425821,437991,4/5/2017,535,1
4450236,428215,435783,4/5/2017,740,1
4450311,427093,430496,4/5/2017,830,3
4450583,428715,433212,4/5/2017,1100,1
4451491,433168,435237,4/5/2017,1830,1
4460758,426280,435587,3/18/2017,1200,1
4461010,420536,440261,4/6/2017,1330,1
4461341,428528,431542,4/6/2017,1751,1
4461351,435769,425922,4/6/2017,1750,1
4471842,429475,433658,4/7/2017,1755,1
4480513,443328,438846,4/8/2017,1010,2
4480533,436337,428343,4/8/2017,1050,2
4480548,443325,435482,4/8/2017,1145,1
4480553,426793,438031,4/8/2017,1035,1
4480626,430045,431015,4/8/2017,1120,1
4480804,434202,436976,4/8/2017,1320,3
4480930,430435,434369,4/8/2017,1403,1
4480978,431171,433693,4/8/2017,1300,1
4481180,430894,438025,4/8/2017,1600,1
4481305,429768,430612,4/8/2017,1700,2
4481877,426855,438037,4/8/2017,2145,1
4482022,420828,439687,4/8/2017,2253,1
4482099,424993,432898,4/8/2017,2325,1
4490499,431440,432720,4/9/2017,905,2
4490697,432701,434818,4/9/2017,1215,1
4491291,442764,429691,4/9/2017,1615,5
4491305,433452,433781,4/9/2017,1621,1
4491463,430449,431606,4/9/2017,1724,1
44A0689,425215,437867,4/10/2017,1255,1
44B0233,435560,431300,4/11/2017,650,1
44B0554,424127,428194,4/11/2017,1100,1
44B0939,428492,433117,4/11/2017,1445,1
44B1065,430003,438656,4/11/2017,1536,1
44B1108,429156,430757,4/11/2017,1550,1
44B1435,432434,426187,4/11/2017,1817,1
44C0286,436506,441867,4/12/2017,851,1
44C1082,427322,439260,4/12/2017,1620,2
44C1168,419900,434092,4/12/2017,1700,1
44D0633,433999,435142,7/4/2017,1229,1
44D0967,427763,431683,4/14/2017,1500,1
44D1027,431141,433617,4/13/2017,1536,1
44D1486,428666,425374,4/13/2017,1900,1
44E0562,425632,438730,4/14/2017,1102,1
44E1402,432605,433922,4/14/2017,1830,1
44E1732,426569,427289,4/14/2017,2120,2
44E1962,430083,431222,4/14/2017,2342,1
44E1965,429832,438889,4/14/2017,2343,1
44F0815,430680,434569,4/15/2017,1313,1
44F1131,430275,433407,4/15/2017,1600,1
44F1186,427156,437353,4/15/2017,1625,1
44F1750,433446,434059,4/15/2017,2145,1
44G0906,430788,434777,4/16/2017,1454,1
44G0984,423362,437649,4/16/2017,1545,1
44G1394,435718,435739,4/16/2017,1816,1
44G1407,420994,435169,4/16/2017,1945,1
44G1512,430780,438592,4/16/2017,2047,1
44G1674,433532,425854,4/16/2017,2210,1
44G1773,428692,433187,4/16/2017,2312,2
44H0688,431236,434803,4/18/2017,1130,1
44H0721,428813,433303,4/17/2017,1300,2
44I0488,418071,442615,4/18/2017,1040,1
44I0678,427569,434540,4/18/2017,750,1
44I1269,421666,436128,4/18/2017,1715,1
44I1596,433053,434095,4/6/2017,1015,1
44I1750,427301,433634,4/18/2017,2107,2
44I1778,427944,430316,4/18/2017,2119,1
44J0902,437020,433588,4/19/2017,1442,1
44J1161,426060,435592,4/19/2017,1640,3
44J1939,434385,435138,4/19/2017,2313,1
44K0272,440551,432016,4/20/2017,815,1
44K0914,421699,432953,4/20/2017,1539,1
44K0955,432870,444975,4/20/2017,1550,1
44K1031,434388,427934,4/9/2017,2050,3
44L0331,427485,437004,4/21/2017,903,1
44M0695,426140,435591,4/22/2017,1150,3
44M0833,432665,435865,4/21/2017,1920,1
44M0836,428267,434454,4/21/2017,1910,1
44M1248,431533,429883,4/22/2017,1645,1
44M1295,427322,437201,4/22/2017,1711,1
44M1379,429254,433501,4/22/2017,1605,1
44M1509,430823,434111,4/22/2017,1847,1
44N0367,428098,434518,4/23/2017,450,1
44N0628,439774,432432,4/23/2017,1100,2
44N0923,434620,441227,4/23/2017,1410,1
44O0174,425228,437877,4/24/2017,705,1
44O1237,439381,432410,4/24/2017,1702,1
44O1255,430869,435329,4/24/2017,1709,3
44P0751,436179,427756,4/22/2017,1830,2
44P0924,427834,436300,4/16/2017,1031,1
44P1127,429825,432963,4/25/2017,1600,1
44P1178,433190,433142,4/25/2017,1645,2
44P1195,422801,437421,4/25/2017,1650,1
44P1617,428973,433603,4/21/2017,835,1
44Q0210,425621,428582,4/26/2017,741,1
44Q0271,432937,426585,4/26/2017,730,1
44Q1084,427614,433001,4/26/2017,1550,1
44Q1497,432209,438093,4/26/2017,1918,1
44R0257,428849,440085,4/27/2017,816,1
44R0287,432040,426285,4/27/2017,831,2
44R0745,429387,434940,4/27/2017,1300,1
44R1166,426946,432850,4/27/2017,1641,1
44R1463,429492,432910,4/27/2017,1900,1
44R1554,430071,433947,4/27/2017,1910,1
44R1802,437512,431954,4/27/2017,2230,4
44S0270,432460,433906,4/28/2017,805,1
44S0337,422251,443530,4/28/2017,906,1
44S0438,433645,425843,4/28/2017,1020,1
44S0656,430865,434169,4/28/2017,902,1
44S0958,421622,434072,4/28/2017,1457,1
44S1163,432381,434684,4/28/2017,1624,4
44T0545,426831,437312,4/29/2017,954,1
44T1292,430955,435807,4/29/2017,1652,1
44U0094,431595,435238,4/30/2017,100,1
44U1012,421730,440794,4/30/2017,1500,2
44U1597,431035,432152,4/30/2017,1949,1
44U1769,429845,433435,4/30/2017,2142,1
4510222,423148,428001,5/1/2017,315,1
4510767,427488,435271,4/30/2017,2000,1
4511048,425386,433388,5/1/2017,1440,1
4511866,429419,433890,5/1/2017,2135,1
4511921,430981,434453,5/1/2017,2200,1
4520012,431771,435539,5/2/2017,6,1
4520310,424327,439021,5/2/2017,825,1
4520313,429674,433030,5/2/2017,830,1
4520396,431419,434088,5/2/2017,930,1
4520706,432479,438757,4/28/2017,1530,1
4520998,420155,445827,5/2/2017,1510,1
4521345,418755,442128,5/2/2017,1800,1
4521440,436338,434705,5/2/2017,1620,1
4521529,429776,435223,5/2/2017,1935,1
4530098,429593,435398,5/3/2017,134,1
4530360,426372,437940,5/3/2017,750,1
4530618,430002,427803,5/3/2017,1125,1
4530736,431969,430307,5/3/2017,1227,1
4531116,429199,433851,5/3/2017,1516,1
4531154,424338,435319,5/3/2017,1531,1
4531870,424612,435112,5/3/2017,2100,1
4540258,425412,434438,5/4/2017,753,1
4540461,436767,434233,5/4/2017,1025,1
4540961,430126,432863,5/3/2017,1540,1
4541258,430624,434659,5/4/2017,1650,1
4541280,432016,433574,5/4/2017,1540,1
4541367,429136,429898,5/4/2017,1755,1
4541382,428929,432434,5/4/2017,1745,1
4541733,425962,436979,5/4/2017,2036,1
4550283,430311,435038,5/5/2017,816,1
4550298,425165,437877,5/5/2017,746,1
4550477,427608,433720,5/5/2017,915,2
4550947,426431,433301,5/5/2017,1425,1
4551392,431616,426342,5/5/2017,1710,1
4551562,420656,436869,5/5/2017,1832,1
4551577,428181,436719,5/5/2017,1840,2
4551669,431570,435558,5/5/2017,1915,1
4551819,431905,428055,5/5/2017,2040,1
4551917,426596,433502,5/5/2017,1850,1
4560901,440841,431091,5/6/2017,1351,1
4561717,428866,432369,5/6/2017,2050,1
4570372,430262,426449,5/7/2017,610,1
4580539,421360,440488,4/28/2017,2030,1
4590278,432745,429200,5/9/2017,802,1
4590564,435009,435982,5/3/2017,1455,1
4591031,431629,435294,6/9/2017,1440,1
4591317,434803,425892,5/9/2017,1725,1
4591438,428333,435747,5/9/2017,1822,1
4591496,427983,436040,5/9/2017,1846,1
4591552,426166,435514,5/8/2017,1220,1
4591649,436176,427382,5/9/2017,1955,2
45A0163,425109,436682,5/10/2017,615,1
45A0189,431292,432112,5/10/2017,655,1
45A0739,427817,434076,5/15/2017,1255,1
45A1054,441345,430973,5/10/2017,1500,1
45B0348,420804,436820,5/11/2017,750,1
45B0538,432073,435855,5/11/2017,745,1
45B1107,426864,432185,5/11/2017,1527,1
45B1345,431844,435383,5/11/2017,1714,1
45B1534,427898,436194,5/11/2017,1534,1
45B1729,432400,426059,5/11/2017,1850,1
45B1864,429509,431018,5/11/2017,2140,1
45B1995,432717,438263,5/11/2017,2116,1
45C0250,424819,438371,5/12/2017,738,1
45C1807,424989,432895,5/12/2017,2105,1
45D0994,425109,434211,5/13/2017,1212,1
45D1568,428257,429599,5/12/2017,1832,2
45E1131,431488,430106,5/14/2017,1530,1
45F0472,428384,434053,5/15/2017,1005,1
45F0621,431966,435835,5/15/2017,1120,1
45F0652,423341,433944,5/15/2017,1100,1
45F1474,434849,437033,5/15/2017,1810,1
45F1645,426437,433743,5/15/2017,1705,1
45F1732,428580,427725,5/15/2017,2025,1
45G0221,443587,431686,5/16/2017,718,1
45G0287,430620,432640,5/16/2017,820,1
45G0308,429857,435713,5/16/2017,838,1
45G0355,425304,432987,5/16/2017,912,1
45G0548,415248,442965,5/16/2017,1100,1
45G1172,427222,431825,5/16/2017,1600,2
45G1304,429450,433779,5/16/2017,1650,1
45H0170,440464,446324,5/17/2017,330,1
45H0488,426788,432075,5/17/2017,1033,1
45H1132,429944,427021,5/17/2017,1554,1
45H1184,430345,427488,5/17/2017,1615,1
45H1215,428527,429636,5/17/2017,1630,1
45H1324,425106,434213,5/17/2017,1719,1
45H1415,427655,436653,5/17/2017,1800,1
45H1457,425594,437040,5/17/2017,1825,1
45H1553,431935,430560,5/17/2017,1925,5
45I0197,425031,428023,5/18/2017,610,2
45I0216,428742,432714,5/18/2017,630,1
45I0596,433047,432360,5/18/2017,1030,2
45I1026,428930,436436,5/18/2017,1454,1
45I1082,431896,434915,5/18/2017,1520,1
45I1118,433168,435237,5/18/2017,1535,1
45I1472,434841,428545,5/18/2017,1817,1
45I1909,426235,426287,5/18/2017,2040,1
45I2021,433636,427664,5/18/2017,2257,1
45I2093,430781,433822,5/18/2017,2345,1
45J0243,425413,440393,5/19/2017,654,1
45J1201,427437,435934,5/19/2017,5,1
45K0920,424140,430432,5/20/2017,1330,2
45K1083,427835,435808,5/20/2017,715,1
45K1267,436157,434595,5/20/2017,1510,1
45L0600,439772,433152,5/21/2017,1106,1
45L0924,436506,441867,5/21/2017,1414,2
45L1430,432791,434406,5/21/2017,1825,1
45M0224,435817,425912,5/22/2017,1925,1
45M0390,430020,434076,5/20/2017,1315,1
45M1221,431701,435413,5/22/2017,1555,2
45M1837,430745,434286,5/22/2017,1705,1
45N0368,428011,426425,5/23/2017,848,2
45N0408,430707,439089,5/23/2017,917,1
45N0516,429150,431792,5/23/2017,1011,1
45N1476,427513,436959,5/23/2017,1730,1
45N1570,431842,436072,5/23/2017,1815,1
45O0350,429468,428153,5/24/2017,812,1
45O0442,424215,433980,5/24/2017,920,2
45O1070,428136,426389,5/24/2017,1500,1
45O1073,429930,433534,5/24/2017,1503,2
45O1503,428524,434281,5/24/2017,1835,2
45O1777,426848,438028,5/24/2017,2030,1
45P0365,426647,433494,5/25/2017,839,1
45P1167,429771,436620,5/25/2017,1531,1
45P1492,436377,425945,5/25/2017,1745,1
45P1535,431621,436143,5/25/2017,1805,1
45P1601,435891,428211,5/25/2017,1700,1
45P1837,422954,437695,5/25/2017,2000,1
45P2000,418963,441740,5/25/2017,2110,1
45Q0712,430432,435055,5/26/2017,1200,1
45Q0788,429584,436660,5/26/2017,1245,1
45Q1462,435221,434839,5/26/2017,1721,1
45Q2338,429309,435030,5/26/2017,2322,1
45R2353,422238,436375,5/27/2017,2300,1
45S0352,430701,433454,5/28/2017,450,1
45S1082,430582,432953,5/28/2017,1720,1
45S1310,425407,440383,5/28/2017,1310,1
45S1991,435096,436574,5/28/2017,2230,1
45T0976,428465,435252,5/26/2017,1345,1
45U0281,429132,432674,5/30/2017,750,1
45U0354,433065,434009,5/30/2017,943,1
45U1422,430102,433382,5/30/2017,1524,1
45V0271,434620,441230,5/31/2017,725,1
45V0514,429559,431566,5/31/2017,1048,1
45V1173,431416,435239,5/31/2017,1609,1
45V1564,425848,434400,5/31/2017,1800,1
4610704,427468,438752,6/1/2017,1600,1
4610732,425137,434208,6/1/2017,1220,1
4610951,430062,433712,6/1/2017,1310,2
4611093,430884,434255,6/1/2017,1516,1
4611280,427300,433624,6/1/2017,1440,1
4611608,434140,433892,6/1/2017,1520,1
4611667,428588,437458,6/1/2017,1930,1
4620689,428760,433290,6/2/2017,1130,3
4620924,433689,429590,6/2/2017,1325,1
4620956,430077,433771,6/5/2017,1347,1
4621068,430386,433618,6/2/2017,1430,1
4630961,432671,437966,6/3/2017,1300,3
4630981,436169,431176,6/3/2017,1325,5
4631107,437027,429239,6/3/2017,1430,3
4641002,441096,449534,5/30/2017,1200,1
4641847,433005,435019,6/4/2017,2115,1
4650464,430488,431744,6/5/2017,1007,1
4650743,428588,437268,6/4/2017,930,1
4651398,432469,434792,6/5/2017,1731,1
4651445,429439,432020,6/5/2017,1750,2
4661041,426318,437712,6/6/2017,1455,1
4670389,428304,434117,6/7/2017,858,1
4680322,429137,435242,6/8/2017,755,1
4680655,428509,433045,6/8/2017,1120,1
4681285,421699,440966,6/8/2017,1620,1
4690514,428238,436523,6/9/2017,1020,1
4690826,429966,435049,6/8/2017,1050,1
4691344,426188,427527,6/9/2017,1520,1
4691359,424844,425602,6/10/2017,1650,2
4692149,431310,432776,6/9/2017,2220,1
46A0599,440495,434863,6/10/2017,1018,1
46A0922,430616,432656,6/10/2017,1324,1
46A0958,432165,427228,6/10/2017,1925,2
46A0962,431006,430598,6/10/2017,1340,2
46A1319,423753,435644,6/10/2017,1647,4
46A1325,432603,436891,6/10/2017,1652,1
46B0973,420910,441149,6/11/2017,1600,1
46C0676,425092,438073,6/4/2017,1540,1
46C0943,435715,436955,6/12/2017,1400,1
46C1673,435802,434369,6/12/2017,1845,1
46C1937,420411,440107,6/12/2017,1630,1
46D0110,431970,435823,6/13/2017,140,1
46D1370,425210,443317,6/13/2017,1634,1
46E0216,423418,437624,6/14/2017,639,1
46E0760,429273,430094,6/14/2017,850,1
46E2081,421702,435795,6/14/2017,2141,1
46F0896,430391,433622,6/15/2017,1318,1
46F1168,429093,428697,6/15/2017,1513,1
46F1275,443277,431653,6/15/2017,1530,1
46G1177,429430,433463,6/16/2017,1330,1
46G1553,431306,428963,6/16/2017,1845,1
46G1933,431471,434212,6/16/2017,2042,1
46H1148,431599,435915,6/17/2017,1443,1
46H1161,431935,435878,6/17/2017,1450,1
46H1963,431760,436135,6/17/2017,2105,1
46H2217,430065,433802,6/17/2017,2256,1
46I0282,442616,427449,6/18/2017,205,1
46J0570,430386,434954,6/19/2017,935,1
46J1120,425681,426876,6/19/2017,1330,1
46J1688,422996,434140,6/19/2017,1735,1
46K0681,433194,434040,6/20/2017,1115,4
46K0788,419547,441606,6/20/2017,1220,2
46K0836,429383,434952,6/20/2017,845,1
46K1425,431642,435064,6/20/2017,1630,1
46K2288,429952,428053,6/20/2017,2345,1
46L0439,433917,434093,6/21/2017,900,1
46L1306,426067,436366,6/21/2017,1540,1
46M0455,422878,439312,6/22/2017,914,1
46M0902,432498,434068,6/22/2017,1317,1
46M1060,425956,438110,6/22/2017,1430,2
46M1347,423760,444326,6/22/2017,1640,2
46M1566,427779,431697,6/22/2017,1822,1
46M1601,428458,426086,6/22/2017,1841,1
46N0212,429989,433390,6/23/2017,505,1
46N0833,430437,433862,6/23/2017,1300,1
46N0984,430487,431747,6/23/2017,1415,2
46N1334,427613,441656,6/23/2017,1625,1
46N1495,425295,432956,6/23/2017,1834,6
46N1646,420763,439806,6/23/2017,1830,1
46N1693,421573,441921,6/23/2017,1857,6
46N2110,429410,435417,6/23/2017,2205,1
46O1334,425956,429181,6/24/2017,1610,2
46O1472,424477,428547,6/26/2017,1715,3
46O2049,435080,440645,6/24/2017,2200,1
46O2056,431583,426811,6/24/2017,2200,1
46O2233,431301,433877,6/24/2017,2318,1
46P0150,429899,434276,6/25/2017,59,5
46P0808,437572,432752,6/25/2017,1201,2
46P0879,428463,431347,6/25/2017,1240,1
46P1063,442960,431648,6/25/2017,1410,1
46P1857,427127,432649,6/25/2017,2100,1
46Q0083,429908,434258,6/26/2017,1210,1
46Q0363,435948,436497,6/26/2017,830,1
46Q0741,433822,433504,6/26/2017,1145,1
46Q0932,430432,435053,6/29/2017,1308,3
46Q1370,426907,439567,6/26/2017,1430,1
46R0521,422041,443856,6/27/2017,1100,2
46R0729,417611,441408,6/27/2017,1313,2
46S0458,433325,425893,6/28/2017,1025,1
46S0531,431393,434776,6/28/2017,1100,1
46S0849,429336,431411,6/28/2017,1417,1
46S1135,432321,442366,6/28/2017,1635,1
46S1167,415309,442967,6/28/2017,1655,2
46S1206,418122,442508,6/28/2017,915,1
46S1660,428892,433965,6/28/2017,2202,1
46T0262,431924,425493,6/29/2017,745,1
46T0326,436345,433639,6/29/2017,845,1
46T0540,430764,433454,6/29/2017,930,2
46T0641,426826,433448,7/2/2017,1205,1
46T0730,430080,434151,6/29/2017,740,1
46T1411,427268,426389,6/29/2017,1855,1
46U0102,441980,430072,6/30/2017,140,1
46U0574,422219,435646,6/29/2017,1900,1
46U1114,435900,436383,6/1/2017,1527,1
46U1367,425706,434206,7/4/2017,1310,1
46U1526,428113,426284,6/30/2017,1845,1
4710965,430630,434221,7/1/2017,1300,1
4711462,428504,434427,7/1/2017,1706,1
4711523,429004,436841,7/1/2017,1730,2
4711651,435039,433334,7/1/2017,1839,1
4711692,424185,438894,7/1/2017,1700,2
4711923,423822,431574,7/1/2017,2055,1
4720022,436951,433821,7/2/2017,16,2
4720929,424622,433642,7/2/2017,1327,1
4720957,428223,435785,7/2/2017,1342,1
4721287,431106,435807,7/2/2017,1538,1
4721407,434146,431767,7/2/2017,1735,2
4730446,429967,433252,7/3/2017,845,1
4731270,432817,434374,7/3/2017,1601,1
4731470,420511,440531,7/3/2017,1731,1
4731665,425221,435408,7/3/2017,1850,1
4731807,426841,437968,7/3/2017,1840,1
4731874,423276,434864,7/3/2017,1930,1
4732070,428875,429803,7/3/2017,2000,1
4732075,431049,428265,7/3/2017,2209,1
4740321,431169,431446,7/4/2017,820,1
4741014,425371,435415,7/4/2017,1505,1
4750037,426053,436623,7/5/2017,24,1
4750196,429878,432344,7/4/2017,2330,1
4751884,428222,435089,7/5/2017,2100,1
4751940,420401,439929,7/5/2017,2137,1
4760292,435810,441263,7/6/2017,730,1
4761238,432904,432378,7/6/2017,1630,1
4761348,432503,434085,7/6/2017,1630,1
4761374,423435,434769,7/6/2017,1700,1
4761414,428995,432443,7/6/2017,1650,1
4761541,429944,433416,7/6/2017,1806,2
4770340,423186,434669,7/7/2017,757,2
4780668,423146,433815,7/8/2017,1055,1
4780834,443592,435505,7/8/2017,1221,1
4781094,434043,433956,7/8/2017,1435,1
4782088,432693,435236,7/8/2017,2220,1
4782293,427973,436065,7/8/2017,2345,1
4790766,430280,433402,7/6/2017,1945,1
4791114,431620,436140,7/9/2017,1429,1
4791245,429220,435455,7/9/2017,1520,1
4791315,443495,444573,7/9/2017,1550,1
4791591,425912,432240,7/9/2017,1805,1
47A0475,428139,433507,7/10/2017,943,2
47A1281,422995,432459,6/24/2017,130,1
47A1531,429044,436937,7/10/2017,1820,1
47A1553,440412,447661,7/10/2017,1831,1
47A1712,429020,431901,7/10/2017,1940,1
47B0363,432300,426215,7/11/2017,835,1
47B0564,431559,429079,7/11/2017,1045,1
47C0252,420549,444952,7/12/2017,720,2
47C0359,432061,436090,7/12/2017,845,1
47C0518,430965,433424,7/11/2017,2010,1
47C0972,429141,431739,7/12/2017,1419,1
47C1294,429092,429970,7/12/2017,1630,1
47C1300,435863,435283,7/12/2017,1635,1
47D0521,432728,438473,7/13/2017,955,2
47D0628,428296,429572,7/13/2017,1053,2
47D1281,428223,432714,7/13/2017,1555,1
47D1777,436708,434095,7/13/2017,1700,1
47D2025,432630,439364,7/13/2017,2142,2
47E0385,436633,434648,6/18/2017,2201,1
47E1107,431846,435653,7/14/2017,1400,1
47F0342,430854,433345,7/15/2017,451,1
47F1225,424863,427591,7/15/2017,1606,4
47F1351,423988,435833,7/15/2017,1705,1
47F2097,430865,434148,7/15/2017,2249,1
47G1490,429742,430544,7/16/2017,1750,1
47H0323,425524,426550,7/17/2017,800,1
47H0453,420714,445661,7/17/2017,920,1
47H0891,426798,433456,7/1/2017,1231,1
47H1277,433550,435960,7/17/2017,1602,1
47H1374,430310,431919,7/17/2017,1650,1
47H1421,431334,436307,6/28/2017,750,1
47H1652,427126,434795,7/17/2017,1710,1
47I0315,432565,426957,7/18/2017,740,1
47I1001,435065,434760,7/18/2017,1230,1
47I1154,436802,435600,7/17/2017,1900,1
47I1222,429793,433718,7/18/2017,1305,1
47I1287,427443,431395,7/17/2017,845,1
47I1519,425625,433080,7/18/2017,1732,1
47I1724,430571,432382,7/18/2017,1430,2
47I2004,431886,430492,7/18/2017,2125,3
47J0895,428045,432828,7/19/2017,1135,2
47J1178,427321,433545,7/28/2017,1554,1
47J1277,427162,433671,7/19/2017,1635,1
47J1294,435543,437937,7/17/2017,800,1
47J1578,435930,426611,7/19/2017,1905,2
47K0435,435001,438404,7/19/2017,1715,1
47K0573,430907,432290,7/20/2017,1052,3
47K0804,433036,432313,7/20/2017,1301,1
47K1197,429976,445290,7/20/2017,1602,1
47L0445,431400,435026,7/22/2017,830,1
47L0514,424128,444012,7/21/2017,917,1
47L0719,425485,432854,7/21/2017,1122,1
47L0923,427744,430806,7/20/2017,1250,2
47L1350,427432,433572,7/21/2017,1530,1
47L1567,428709,433148,7/21/2017,800,1
47M0293,429025,428911,7/22/2017,413,1
47M0482,434381,430344,7/22/2017,900,1
47M0745,420602,441486,7/22/2017,1130,1
47M2125,442011,443713,7/22/2017,2240,1
47M2185,421522,434974,7/22/2017,2330,2
47N0537,430408,431861,7/23/2017,932,1
47O0421,430422,433463,7/24/2017,1716,1
47O0671,431968,427779,7/24/2017,1230,1
47O0847,434261,436922,7/24/2017,1315,1
47O1109,438154,430954,7/24/2017,1530,1
47O1610,430114,431740,7/24/2017,1952,1
47O1801,429430,438688,7/24/2017,2114,1
47O1839,426693,433083,7/24/2017,2130,1
47P0215,430831,433291,7/25/2017,530,1
47P0314,428489,434455,7/25/2017,816,1
47P0826,431263,433817,7/27/2017,1329,3
47P0938,430377,433527,7/25/2017,1430,1
47P0977,430609,431994,7/25/2017,1445,2
47P1117,432581,433811,7/25/2017,1546,1
47Q0329,427863,433666,7/26/2017,816,1
47Q1498,430071,433838,7/26/2017,855,1
47Q1826,431140,434298,7/26/2017,1610,1
47R0180,426980,440797,7/27/2017,400,1
47R0603,429560,433812,7/27/2017,1221,1
47R0922,429494,432902,7/27/2017,1025,1
47R1479,432675,436914,7/27/2017,1921,2
47R1705,417476,443064,7/27/2017,1950,1
47R1896,430349,433049,7/26/2017,759,1
47S1286,428558,436885,7/28/2017,1651,1
47S1786,426799,438017,7/28/2017,2050,1
47S1949,429241,438604,7/28/2017,2213,1
47T0087,421302,441457,7/29/2017,100,1
47T0222,428408,428713,7/29/2017,300,1
47T0310,431965,435832,7/29/2017,445,2
47T1009,425551,436386,7/29/2017,1425,1
47T2034,428606,432761,7/29/2017,2215,1
47U0765,429870,432147,7/30/2017,1145,1
47U0828,424414,438930,7/30/2017,14,1
47U1273,430419,433789,7/30/2017,1635,1
47U1549,428120,426664,7/30/2017,1853,3
47U2082,442618,428003,7/30/2017,2352,1
47V0215,445311,431696,7/31/2017,600,1
47V0301,429759,433580,7/31/2017,815,1
47V0449,428304,434441,7/30/2017,2209,1
47V1025,428710,434107,7/31/2017,1445,3
47V1447,427517,438585,7/31/2017,1756,2
47V2096,430142,432826,7/31/2017,1000,1
4811294,425068,437862,8/1/2017,1716,1
4811459,424152,435960,8/1/2017,1837,2
4811595,425945,426763,8/1/2017,1945,2
4811736,429087,431242,8/1/2017,2030,1
4820662,426468,433263,8/2/2017,1158,1
4821246,434651,428420,8/2/2017,1230,1
4821403,428575,427738,8/2/2017,1800,1
4830079,428608,432727,8/3/2017,102,1
4830534,434305,437050,8/3/2017,1034,1
4831415,439541,432441,8/3/2017,1752,1
4831580,419642,444994,8/3/2017,1625,1
4840222,430244,433251,8/4/2017,341,1
4841704,426856,438044,8/4/2017,1900,1
4850236,430252,433236,8/5/2017,303,1
4850524,430571,433454,8/3/2017,1300,1
4850642,425509,432143,8/4/2017,825,1
4851288,436717,433829,8/5/2017,1520,1
4851460,431393,435452,8/5/2017,1754,1
4860546,426699,431761,8/2/2017,1700,1
4860671,428198,435026,8/6/2017,1130,1
4861708,423930,434315,8/6/2017,2018,1
4870202,423221,434317,8/7/2017,630,2
4870289,430248,433238,8/7/2017,815,1
4870409,431023,433090,8/7/2017,935,1
4871119,431595,430533,8/7/2017,1555,1
4871405,428094,434688,8/7/2017,1730,1
4871556,433852,434047,8/7/2017,1905,1
4871683,424144,428168,8/7/2017,2000,3
4871810,428819,440198,8/7/2017,2100,1
4880912,425794,435677,8/8/2017,1405,1
4890200,430109,432144,8/9/2017,630,1
4890510,433050,436539,8/9/2017,1110,3
4890650,432057,435966,8/9/2017,1230,1
4890755,428345,431276,8/9/2017,1336,1
4890853,420169,445565,8/9/2017,1415,1
4891080,433898,436532,8/9/2017,1605,1
4891183,422687,437852,8/9/2017,1646,1
4891284,428789,432861,8/9/2017,1734,2
4891363,425743,426849,8/9/2017,1820,3
4891459,432513,427318,8/9/2017,1912,1
4891888,420853,437015,8/9/2017,1733,1
48A0345,437673,444884,8/10/2017,750,1
48A0401,429391,434940,8/10/2017,830,1
48A0435,426262,428407,8/10/2017,900,1
48A0864,441768,434615,8/10/2017,1310,1
48A1065,432350,433709,8/10/2017,1445,1
48A1307,421293,434064,8/10/2017,1625,2
48A1621,435890,437441,8/10/2017,1846,1
48B0246,437549,433226,8/11/2017,539,1
48B0309,428439,431638,8/11/2017,726,2
48B0442,437529,433231,8/11/2017,955,1
48B0483,428860,433348,8/11/2017,1015,1
48B0506,424849,434636,8/11/2017,1030,1
48B0524,436188,434844,8/11/2017,1040,2
48B0881,422241,433354,8/11/2017,1250,1
48B1085,428978,429875,8/11/2017,1530,1
48B1554,430020,435531,8/11/2017,1855,3
48C0953,430558,431423,8/12/2017,1420,1
48C1219,427550,436910,8/12/2017,1523,1
48C1280,429273,438616,9/12/2017,1718,1
48D1135,445089,435123,8/13/2017,1500,1
48D1140,439312,432386,8/13/2017,1515,1
48D1262,422097,441758,8/13/2017,1623,1
48D1593,427279,433073,8/13/2017,2340,1
48D1715,431285,433436,8/13/2017,2000,1
48E1344,430949,433978,8/14/2017,1700,1
48E1417,433183,434013,8/14/2017,1720,1
48E1897,429908,426419,8/14/2017,2145,2
48F0736,427987,436066,8/15/2017,1210,1
48F1173,417963,442819,8/15/2017,1600,1
48F1324,430955,435788,8/15/2017,1700,1
48G0386,429795,433736,8/16/2017,800,1
48G1089,418309,441352,8/16/2017,1505,1
48G1397,432304,435380,8/16/2017,1724,1
48G1449,427418,434619,8/16/2017,1715,1
48G1570,423189,434664,8/16/2017,1835,1
48G1582,425132,433877,8/16/2017,1840,1
48H0725,430300,425103,8/17/2017,1220,1
48H1067,428958,429816,8/17/2017,1330,2
48H1596,426513,433224,8/17/2017,1900,1
48I0575,428452,429063,8/18/2017,1032,1
48I0614,428450,429062,8/18/2017,1058,1
48I1035,434255,437023,8/18/2017,1446,1
48I1193,428912,433683,8/18/2017,1600,1
48J0557,432417,426200,8/19/2017,1040,1
48J0643,443630,436582,8/19/2017,1136,1
48J0883,432031,432727,8/19/2017,1358,1
48J1953,420463,434022,8/19/2017,2300,1
48K0769,422565,427881,8/20/2017,1134,1
48K0978,430735,435884,8/20/2017,1345,4
48K1052,431435,431610,8/20/2017,1428,2
48K1425,430756,433176,8/20/2017,1745,1
48L1054,428932,426429,8/21/2017,1520,1
48L1463,429847,430695,8/21/2017,1900,1
48L2007,429375,433759,8/21/2017,2304,1
48M0491,423904,427895,8/22/2017,1700,1
48M0541,439977,442840,8/26/2017,1615,1
48M0830,437561,432780,8/22/2017,1245,1
48M1520,428776,430891,8/22/2017,1750,1
48N0407,433163,433876,8/23/2017,905,1
48N0560,429728,438846,8/23/2017,936,1
48N1304,430527,434060,8/23/2017,1515,1
48N1391,431455,435824,8/23/2017,1722,1
48N1412,422663,434941,8/22/2017,1707,1
48N1666,429929,433406,8/23/2017,1700,1
48N1865,429263,431317,8/23/2017,2030,1
48O0470,429544,439284,8/24/2017,900,1
48O1187,442642,442325,8/24/2017,1609,1
48O1371,435897,436369,8/24/2017,1729,1
48O1573,440761,445696,8/24/2017,1853,1
48P0569,429961,436597,8/25/2017,1000,1
48P0675,431755,434600,8/25/2017,930,1
48Q0430,425968,436677,8/26/2017,645,1
48Q1001,426204,427585,8/26/2017,1346,1
48Q1021,430710,439130,8/26/2017,1402,1
48Q1082,442379,442639,8/26/2017,1437,2
48Q1317,428964,439261,8/26/2017,1639,1
48Q2087,440459,448333,8/26/2017,2257,1
48R0476,426430,430145,8/27/2017,615,1
48R2011,431067,435583,8/27/2017,2145,1
48S0500,435545,438371,8/28/2017,801,1
48S1283,426820,430012,8/28/2017,1556,3
48S1606,430158,434397,8/28/2017,1835,3
48S1998,421976,436537,8/28/2017,2118,1
48T0480,422099,434410,8/29/2017,932,2
48T0535,443628,436812,8/29/2017,1020,2
48T0887,428478,435208,8/29/2017,1230,1
48T1742,427896,436191,8/29/2017,1938,1
48U1168,430468,435599,8/30/2017,1610,2
48V0509,418303,441340,8/31/2017,1110,1
48V0621,430816,433937,8/31/2017,1224,1
48V0685,428933,433419,8/31/2017,1259,1
48V0882,426188,435500,8/28/2017,1435,1
48V1360,427452,431884,8/31/2017,1808,2
4911338,432049,426272,9/1/2017,1727,1
4911467,435936,426644,9/1/2017,1820,1
4920799,436168,434724,9/2/2017,1220,1
4921305,435718,436940,9/2/2017,1630,1
4921677,429040,429932,9/2/2017,1940,1
4921730,431965,435828,9/2/2017,2000,1
4930499,432610,429585,9/3/2017,840,3
4931022,436627,442136,9/3/2017,1525,1
4931394,432460,435800,9/3/2017,1800,5
4931876,431361,435067,9/3/2017,2256,2
4940235,441051,432043,9/4/2017,647,1
4941168,429438,428203,9/4/2017,1600,2
4941199,430254,433541,8/24/2017,1000,1
4941531,433050,427871,9/4/2017,1630,1
4950348,431269,432326,9/5/2017,810,1
4951103,435541,431320,9/5/2017,1553,1
4951752,432152,436129,9/5/2017,2000,1
4951874,436919,435094,9/5/2017,2130,1
4960452,431006,428089,9/6/2017,825,1
4960703,426677,431744,9/6/2017,1245,1
4970421,438958,432527,9/7/2017,750,1
4970625,428511,431549,9/7/2017,1152,1
4970783,431900,431303,9/7/2017,1313,1
4970914,429425,431599,9/7/2017,1414,1
4970971,430817,439193,9/7/2017,1440,1
4981188,432071,435659,9/8/2017,1636,2
4981276,430982,425890,9/8/2017,1717,1
4981693,440750,433575,9/8/2017,2000,1
4981994,429615,432095,9/8/2017,2338,2
4990341,436491,436088,9/9/2017,627,1
4990585,428531,432089,9/9/2017,1043,3
4990803,427079,430442,9/9/2017,1255,1
4991004,429189,431921,9/9/2017,1456,2
4991147,430869,434221,9/9/2017,1600,1
4991343,420934,434432,9/9/2017,1747,1
4991535,428984,430936,9/9/2017,1915,1
49A0332,426281,435583,9/10/2017,440,3
49A0893,427606,434334,9/10/2017,1338,1
49A1597,425887,435596,9/10/2017,1900,1
49B0163,434174,430009,9/11/2017,511,1
49B0251,424368,445465,9/11/2017,1525,2
49B0636,429309,433818,9/11/2017,1015,1
49B0966,428860,433738,9/11/2017,1430,1
49B1351,431422,435059,9/11/2017,1715,1
49B2003,425983,435581,9/11/2017,1815,1
49C0298,426428,432010,9/4/2017,815,1
49C0647,429068,431233,9/5/2017,1000,1
49C0724,433508,434151,9/12/2017,1115,1
49C0830,433230,436997,9/12/2017,1346,1
49C1066,435835,434203,9/12/2017,1530,1
49C1393,425344,426576,9/12/2017,1745,1
49C1466,434111,433900,9/12/2017,1815,1
49C1506,429942,433052,9/12/2017,1730,1
49D0963,429729,433540,9/13/2017,745,1
49D0997,425017,433167,9/13/2017,1500,1
49D1078,438025,425854,9/13/2017,1545,1
49D1099,422570,435468,9/13/2017,1015,2
49D1128,419501,445022,9/13/2017,1400,1
49E0197,439803,434169,9/14/2017,600,2
49E1247,431518,435143,9/14/2017,1733,1
49F0569,429323,423230,9/15/2017,1107,2
49F0837,435680,434817,9/15/2017,1323,2
49F1173,430563,435284,9/15/2017,1545,1
49F1333,435895,436416,9/15/2017,1630,1
49F1546,426324,428161,9/15/2017,1828,1
49F1557,430849,435450,9/15/2017,1825,1
49G0753,442684,437585,9/16/2017,1158,1
49G0827,443109,433213,9/16/2017,1235,1
49G1828,430202,434310,9/16/2017,2045,1
49H0524,429269,434093,9/17/2017,825,1
49H1073,436175,434526,9/15/2017,1850,1
49H1154,430870,433480,9/17/2017,1220,1
49H1698,432650,433832,9/17/2017,2020,1
49I0007,424108,431967,9/18/2017,5,1
49I0832,427887,434631,9/15/2017,1255,1
49I1249,427127,435685,9/18/2017,1628,1
49I1314,425881,438619,9/18/2017,1600,1
49I1461,427488,434911,9/18/2017,1802,1
49I1632,440983,448107,9/19/2017,1909,1
49I1762,429448,433778,9/18/2017,2025,1
49I1778,431946,435797,9/18/2017,2035,1
49I1898,430416,433791,9/17/2017,1255,1
49J0070,430536,434505,9/19/2017,120,1
49J0360,425557,435157,9/19/2017,849,3
49J0383,429884,430760,9/19/2017,900,1
49J0643,433767,434745,9/19/2017,1134,1
49J0865,430849,435449,9/19/2017,1331,1
49J1034,432506,437050,9/18/2017,1510,1
49K0381,427569,434541,9/20/2017,901,1
49K0502,428625,433188,9/20/2017,1020,1
49K0790,441109,432554,9/20/2017,900,1
49K0819,427127,434798,9/20/2017,1310,1
49K0899,444742,431579,9/20/2017,1348,6
49K1227,430414,433724,9/19/2017,1045,1
49K1264,424410,439049,9/20/2017,1630,1
49K1758,420500,434297,9/20/2017,2023,1
49L0365,435707,433921,9/21/2017,815,1
49L0776,434466,433697,9/21/2017,1218,2
49L1087,429448,431360,9/21/2017,1510,1
49L1615,428811,433770,9/21/2017,1615,1
49M0586,437831,433099,9/22/2017,1040,2
49M0616,430074,433859,9/22/2017,1030,1
49M0793,436343,435579,9/23/2017,800,1
49M1107,431815,434672,9/21/2017,1600,1
49M1335,441238,448661,9/22/2017,1630,1
49M1820,428869,432904,9/22/2017,1002,4
49M1896,423515,434608,9/22/2017,2050,1
49N0094,430467,433948,9/23/2017,100,1
49N1951,428285,434563,9/23/2017,2106,1
49O0778,422226,441978,9/24/2017,1130,1
49O1350,432446,438767,9/24/2017,1625,2
49P0202,429840,444906,9/25/2017,624,1
49P0409,428908,429917,9/25/2017,840,1
49P0426,420664,441022,9/25/2017,945,1
49P0681,426142,435552,9/25/2017,1130,1
49P1472,426286,444695,9/25/2017,1740,1
49Q0296,420562,440186,9/26/2017,820,1
49Q0319,430865,436330,9/26/2017,830,1
49Q0410,435680,435974,9/26/2017,800,1
49Q0817,432375,434923,9/27/2017,1445,2
49Q0969,436304,434703,9/26/2017,1456,1
49Q1247,432321,426990,9/26/2017,1650,1
49Q1254,431458,432763,9/26/2017,1654,1
49Q1756,424070,435497,9/26/2017,1905,1
49R0339,425136,436550,9/27/2017,825,1
49R0697,429925,427699,9/27/2017,1150,1
49R1110,432532,443147,9/27/2017,1515,2
49R1994,442111,449309,9/27/2017,2255,1
49S0313,429195,434166,9/28/2017,815,1
49S0357,436154,429062,9/28/2017,850,1
49S0551,424919,437401,9/28/2017,1040,1
49S1093,431514,435598,9/28/2017,1530,1
49S1466,422952,434620,9/28/2017,1821,1
49S1597,428278,435036,9/28/2017,1844,1
49T0423,429392,434944,9/30/2017,836,1
49T0551,423801,435302,9/29/2017,937,1
49T1063,430097,431521,9/29/2017,1420,1
49T1315,432097,435842,9/29/2017,1555,1
49T1492,430394,437927,9/29/2017,1500,1
49U0176,425105,434118,9/30/2017,155,1
49U0210,428760,435592,9/30/2017,210,1
49U0815,428913,435507,9/27/2017,1615,1
49U0835,443328,438917,9/30/2017,1215,1
49U1065,430917,436527,9/30/2017,1409,1
49U1119,441781,431803,9/30/2017,1430,1
4A10697,429802,434147,10/1/2017,130,4
4A10834,428394,429372,10/1/2017,1245,2
4A11598,432520,427325,10/3/2017,1859,3
4A11674,421270,435072,10/1/2017,1930,1
4A12045,424968,434814,10/1/2017,2232,1
4A12049,432165,439783,10/1/2017,2229,1
4A20243,428793,435578,10/2/2017,900,1
4A20254,424146,428248,10/2/2017,745,1
4A20317,419685,446208,10/2/2017,825,1
4A21433,430637,433877,10/2/2017,1740,1
4A21835,422834,439627,10/2/2017,2020,2
4A22152,432212,426239,10/2/2017,2345,3
4A30400,437934,430689,10/3/2017,930,1
4A30422,434534,433677,10/4/2017,800,2
4A30474,428619,436947,10/3/2017,200,2
4A30670,427484,432589,10/3/2017,1150,1
4A30780,429741,433800,10/3/2017,1249,1
4A31405,429197,431017,10/3/2017,1800,1
4A31422,429957,435604,10/3/2017,1735,1
4A32023,430990,430597,10/3/2017,1700,1
4A32073,424952,433449,10/3/2017,2202,1
4A41049,432101,436049,10/4/2017,1510,1
4A50288,430891,433812,10/5/2017,755,3
4A50352,430750,433838,10/5/2017,848,1
4A50413,430615,431825,10/4/2017,1630,2
4A50914,441744,433944,10/5/2017,1412,1
4A51128,437953,433036,10/5/2017,1950,2
4A51741,429405,432004,10/5/2017,1800,1
4A60291,433265,429061,10/6/2017,754,1
4A60359,429780,433925,10/4/2017,1720,1
4A60514,436518,431042,10/6/2017,1025,1
4A60588,435896,425845,10/6/2017,1910,1
4A60790,431238,445740,10/6/2017,1302,1
4A61264,443660,436751,10/6/2017,1627,1
4A61430,431379,435076,10/6/2017,1736,1
4A70163,429065,428783,10/7/2017,148,2
4A71037,432479,434930,10/7/2017,1410,1
4A81169,426483,436340,10/8/2017,1541,1
4A81188,430122,431855,10/8/2017,1550,1
4A81358,431193,433714,10/8/2017,1700,3
4A81445,430165,425118,10/8/2017,1749,1
4A81462,431448,432694,10/8/2017,1755,2
4A82037,428464,431349,10/8/2017,2245,1
4A90326,430699,433453,10/9/2017,820,2
4A90981,430333,433899,10/9/2017,1418,1
4A91037,443671,445249,10/9/2017,1440,2
4A91575,423495,437434,10/9/2017,1823,3
4A91683,420714,440967,10/9/2017,1905,1
4AA0316,431753,434601,10/10/2017,815,1
4AA0658,427306,444694,10/10/2017,1146,1
4AA0852,427324,437202,10/10/2017,1320,1
4AA1645,431509,435136,10/10/2017,1915,1
4AB0263,428718,435613,10/11/2017,740,1
4AB0516,428513,433059,10/11/2017,1015,1
4AB0829,425949,428285,10/11/2017,1313,3
4AB1052,430624,435502,10/11/2017,1445,1
4AB1205,427863,434643,10/12/2017,1530,3
4AB1244,425843,426826,10/11/2017,1600,1
4AB1287,428917,435505,10/11/2017,1627,1
4AB1349,430926,436050,10/11/2017,1650,2
4AB1366,427479,431308,10/11/2017,1630,1
4AB1809,431424,436825,10/11/2017,1950,3
4AB1910,418759,445479,10/11/2017,2030,2
4AC1014,432940,435008,10/12/2017,1440,1
4AC1459,430862,426541,10/12/2017,1733,2
4AC1778,432049,435960,10/12/2017,1935,1
4AC2056,425733,442951,10/12/2017,1730,1
4AD0118,429121,432107,10/13/2017,2016,1
4AD0338,426234,438114,10/13/2017,815,1
4AD0535,429865,434399,10/13/2017,1017,1
4AD0725,431738,435483,10/13/2017,1201,1
4AD0881,430515,433453,10/13/2017,1300,2
4AD1432,432012,427743,10/13/2017,1635,4
4AD1682,429801,433924,10/13/2017,1820,1
4AE2525,430385,433428,10/14/2017,2340,1
4AF0991,431955,430324,10/15/2017,1254,1
4AF1093,432155,434961,10/15/2017,1325,1
4AF1673,425599,434236,10/15/2017,1720,3
4AF1719,435130,428929,10/15/2017,1730,1
4AF1781,425133,433916,10/15/2017,1804,1
4AF2142,427612,434517,10/15/2017,2019,2
4AG0412,427368,433509,10/16/2017,710,1
4AG0466,434923,437705,10/16/2017,935,1
4AG1082,426078,435590,10/15/2017,1720,1
4AG1420,430561,431421,10/16/2017,1632,2
4AG1438,431102,437780,10/16/2017,1835,1
4AG1530,429883,434293,10/16/2017,1700,1
4AG1900,426177,439070,10/16/2017,1936,1
4AG2003,434654,436671,10/16/2017,2000,1
4AG2347,427087,427689,10/16/2017,2240,1
4AH0159,442822,430183,10/17/2017,332,1
4AH0508,429495,432909,10/13/2017,1310,1
4AH0557,420787,444774,10/17/2017,810,1
4AH0847,430135,434130,10/17/2017,1600,1
4AH1623,437791,432302,10/17/2017,1800,2
4AI0238,423036,434713,10/18/2017,720,1
4AI0270,434929,440893,10/18/2017,750,1
4AI0894,426797,438039,10/18/2017,1255,1
4AI1343,437084,435267,10/18/2017,1438,1
4AI1434,440256,432798,10/18/2017,1440,1
4AJ0229,441096,449534,10/19/2017,728,2
4AJ0261,430094,431360,10/19/2017,643,1
4AJ0344,421632,440845,10/19/2017,800,1
4AJ0605,434621,441230,10/19/2017,1035,3
4AJ0680,427827,436515,10/19/2017,1126,1
4AJ0846,431967,431240,10/19/2017,1258,1
4AJ0854,437849,440432,10/19/2017,1304,2
4AJ1541,418975,442004,10/19/2017,1821,1
4AJ2085,430693,432972,10/19/2017,2313,1
4AK0370,437496,431421,10/20/2017,845,1
4AK0551,420587,441750,10/20/2017,1025,1
4AK0721,430052,434001,10/20/2017,715,1
4AK0798,423265,435119,10/20/2017,1240,1
4AK0831,430842,428404,10/20/2017,1250,1
4AK0935,431504,435129,10/20/2017,1334,1
4AK1573,434620,441231,10/20/2017,1756,1
4AL0388,436106,435589,10/21/2017,517,1
4AL0407,419598,438465,10/21/2017,620,1
4AL0450,430978,432093,10/21/2017,841,2
4AL0700,429037,433530,10/21/2017,1100,1
4AL1376,428828,435232,10/21/2017,1612,1
4AL1938,432043,434960,10/21/2017,2045,1
4AL2194,436099,435603,10/21/2017,2322,1
4AM0053,430800,435343,10/22/2017,38,1
4AM0238,429406,434934,10/22/2017,319,1
4AN0297,430897,438633,10/23/2017,800,1
4AN0349,440221,448427,10/23/2017,849,1
4AN0686,431928,425505,10/23/2017,1205,2
4AN1107,430286,433399,10/23/2017,1505,1
4AN1402,429343,434981,10/23/2017,1655,1
4AN1744,430090,435422,10/23/2017,1850,2
4AN1870,429749,435279,10/23/2017,1940,1
4AO0244,420081,442987,10/24/2017,630,1
4AO1404,420403,434127,10/24/2017,1735,1
4AO1753,431872,435946,10/24/2017,1940,1
4AO1761,433302,435544,10/24/2017,2051,1
4AP0275,428546,426414,10/25/2017,708,3
4AP0439,436365,436295,10/25/2017,815,1
4AP0445,430233,431187,10/25/2017,940,1
4AP0788,426230,433053,10/25/2017,1346,1
4AP1715,429389,439408,10/25/2017,1850,1
4AR0203,436842,445541,10/29/2017,1605,2
4AR0252,432908,425966,10/27/2017,633,1
4AR0404,429369,433755,10/27/2017,900,1
4AR0406,423282,435137,10/27/2017,900,1
4AR0496,429369,433755,10/27/2017,1005,1
4AR0850,428046,432828,10/27/2017,1140,1
4AR1029,422229,446009,10/27/2017,1459,1
4AR1126,421828,436333,10/27/2017,1534,2
4AS0891,429600,432562,10/28/2017,1225,1
4AS2047,432549,434326,10/28/2017,2158,1
4AS2206,444738,433111,10/28/2017,2312,2
4AT0099,435527,433859,10/29/2017,35,1
4AT0463,435464,437288,10/29/2017,350,1
4AT0490,422116,434424,10/29/2017,419,1
4AT0572,419722,441465,10/29/2017,600,1
4AT1826,433112,434025,10/29/2017,1205,2
4AT1883,429797,433793,10/29/2017,1929,1
4AU0214,433845,433529,10/30/2017,650,1
4AU1385,441011,447929,10/30/2017,1655,1
4AU1864,423436,437656,10/30/2017,1855,1
4AV0202,426829,438066,10/31/2017,645,1
4AV1025,424184,438894,10/31/2017,1435,1
4AV1821,429429,435417,10/31/2017,1850,1
4AV2185,432855,435969,10/31/2017,2030,1
4AV2586,428716,430832,10/31/2017,2300,1
4B10555,441312,431124,11/1/2017,1000,1
4B10586,429801,433923,11/1/2017,1014,1
4B11744,428730,435030,11/1/2017,1830,1
4B11759,433582,429746,11/1/2017,1845,1
4B12244,430360,433917,11/1/2017,2155,1
4B12628,425037,437629,10/31/2017,2328,1
4B21378,428754,435596,10/31/2017,1550,1
4B21382,433062,433999,11/2/2017,1710,4
4B21481,430701,439043,11/2/2017,1800,2
4B21566,430818,433941,11/2/2017,1620,1
4B30250,433108,425899,11/3/2017,723,2
4B31808,430802,435348,11/3/2017,1900,4
4B31845,428339,429614,11/3/2017,1805,4
4B31873,431308,428929,11/3/2017,1936,1
4B40357,430815,438449,11/4/2017,545,1
4B40729,426034,436541,11/4/2017,1055,2
4B41168,436563,435726,11/4/2017,1400,2
4B41478,429709,439018,11/4/2017,1719,1
4B50700,443069,445580,11/2/2017,1000,1
4B50945,432523,434708,11/5/2017,1317,1
4B51469,430874,434255,11/5/2017,1650,1
4B60255,423389,439355,11/6/2017,730,1
4B60475,430134,438199,11/6/2017,950,4
4B60496,433419,432728,11/6/2017,955,1
4B60513,425625,433083,11/6/2017,845,1
4B61601,427395,427847,11/6/2017,1740,2
4B61659,430828,434008,11/6/2017,1804,1
4B61711,436201,428072,11/6/2017,1820,1
4B61963,425216,432157,11/6/2017,1950,1
4B70381,429435,433459,11/7/2017,900,3
4B70398,428585,435667,11/7/2017,905,1
4B71390,423897,435379,11/7/2017,1643,2
4B71462,430758,430373,11/7/2017,1700,1
4B71772,428491,434320,11/7/2017,2116,1
4B71971,429779,438891,11/7/2017,1929,1
4B80305,430899,430370,11/8/2017,820,1
4B81535,430761,434645,11/8/2017,1819,1
4B81630,429260,435494,11/8/2017,1850,1
4B81689,436300,434703,11/8/2017,1630,1
4B81705,436564,435579,11/8/2017,1930,1
4B81797,421041,444988,11/8/2017,2015,1
4B90209,431403,435030,11/9/2017,640,1
4B90269,431873,435677,11/9/2017,1850,1
4B91166,439547,432701,11/4/2017,1245,1
4B91371,425910,436262,11/9/2017,1715,1
4B91387,430673,431867,11/9/2017,1723,1
4B91857,426828,438686,11/9/2017,2045,1
4BA0364,431540,435165,11/10/2017,930,1
4BA0467,418116,442525,11/8/2017,1800,1
4BA0669,432076,425721,11/10/2017,1140,1
4BA1091,430900,428411,11/10/2017,1507,1
4BA1320,428388,434071,11/10/2017,1750,1
4BA1347,432463,429757,11/10/2017,1655,1
4BA1389,430074,431161,11/10/2017,1715,1
4BA1402,442993,441322,11/10/2017,1725,1
4BA1425,435629,436467,11/10/2017,1734,1
4BA1627,429933,433403,11/10/2017,1900,1
4BA1825,427676,431118,11/10/2017,2031,1
4BA2050,419646,438418,11/6/2017,1815,1
4BB0929,420714,440967,11/11/2017,1340,1
4BB1519,425057,433366,11/11/2017,1801,4
4BB1536,432208,438090,11/11/2017,1805,5
4BB1714,424662,435028,11/11/2017,1924,1
4BB1726,429564,431194,11/11/2017,1929,1
4BC0032,427109,439887,11/12/2017,25,2
4BC0671,435871,436407,11/12/2017,2005,1
4BC0673,440034,439607,11/12/2017,1125,1
4BC1024,431828,435537,11/12/2017,1415,1
4BC1410,431261,429061,11/12/2017,1800,1
4BC1843,431948,435800,11/12/2017,2240,2
4BC1927,431910,435746,11/12/2017,2330,1
4BD0173,427553,431563,11/13/2017,654,1
4BD0643,430804,435345,11/13/2017,1143,1
4BD0700,440964,432078,11/13/2017,1215,1
4BD1260,429930,427470,11/13/2017,1614,2
4BD1357,430268,434077,11/13/2017,1700,1
4BD1524,430126,424015,11/13/2017,1800,1
4BD1643,432318,426993,11/13/2017,1830,3
4BD2069,431021,440305,11/13/2017,1530,1
4BE1431,432390,433693,11/14/2017,1728,1
4BE1643,430663,433452,10/14/2017,920,1
4BF0116,429294,435212,11/15/2017,2244,1
4BF0300,430849,435450,11/15/2017,805,1
4BF0346,427200,435730,11/15/2017,850,1
4BF0553,432230,436384,11/10/2017,745,1
4BF0752,430592,424872,11/15/2017,915,1
4BF0801,428952,435475,11/15/2017,1001,1
4BG0465,428718,435616,11/16/2017,1611,1
4BG0562,430945,435944,11/16/2017,1005,1
4BG0830,428269,429592,11/16/2017,830,2
4BG1323,432515,427324,11/7/2017,640,1
4BH0349,420645,434364,11/17/2017,815,1
4BH0534,433882,436479,11/17/2017,1035,1
4BH1343,430344,435929,11/17/2017,1630,1
4BH1532,432725,434477,11/17/2017,1756,1
4BH2132,439186,426600,11/17/2017,2020,1
4BI0718,428279,426417,11/18/2017,1110,2
4BI1118,431160,434456,11/18/2017,1449,1
4BI1397,422325,432241,11/18/2017,1657,1
4BI1401,430258,433237,11/18/2017,1700,2
4BI1816,426948,433435,11/18/2017,2013,1
4BJ0021,430012,433298,11/19/2017,2145,1
4BJ0210,430007,433299,11/26/2017,223,1
4BJ0566,430439,437713,11/17/2017,1835,2
4BJ1042,422280,436817,11/19/2017,1451,2
4BJ1152,434482,425882,11/19/2017,630,1
4BK0584,429038,434552,11/20/2017,945,1
4BK0701,432041,434987,11/20/2017,1250,1
4BK1204,444729,433381,11/20/2017,1612,1
4BL0242,427997,436017,11/21/2017,650,1
4BL1092,431649,437457,11/21/2017,1519,1
4BL1251,429017,435408,11/21/2017,1618,2
4BL1306,430702,434593,11/21/2017,1635,1
4BL1597,430460,431129,11/21/2017,1840,1
4BL2032,423470,437724,11/21/2017,2219,1
4BM0425,431095,432028,11/22/2017,945,1
4BM0661,426553,426001,11/21/2017,1630,1
4BM0825,424288,428337,11/22/2017,1317,1
4BM1543,429758,434503,11/22/2017,1550,1
4BM1982,426281,435583,11/22/2017,2140,1
4BN0181,419822,441199,11/23/2017,424,2
4BN0347,435726,436940,11/23/2017,730,2
4BN0509,431891,434897,11/23/2017,1012,1
4BN1065,428465,425662,11/23/2017,1528,1
4BN1169,431443,432718,11/23/2017,1613,2
4BN1308,427779,431697,11/23/2017,1700,3
4BN1518,427732,425810,11/23/2017,1835,1
4BO0360,426377,437875,11/24/2017,805,1
4BO0388,426867,437526,11/24/2017,720,1
4BO0397,427713,434458,11/24/2017,818,1
4BO0479,429617,430946,11/24/2017,925,1
4BO0483,424880,443542,11/24/2017,930,1
4BO0623,434416,433751,11/24/2017,1050,4
4BO0804,445194,446987,11/24/2017,1230,1
4BO1217,432255,438652,11/24/2017,1545,2
4BO1424,427518,435873,11/24/2017,1714,1
4BO1433,420930,439495,11/24/2017,1723,1
4BO2064,430773,439192,11/24/2017,1715,1
4BP0140,430784,433454,11/25/2017,30,1
4BP0385,427356,426358,11/26/2017,750,1
4BP0594,420199,445711,11/25/2017,1035,1
4BP1313,433272,426150,11/25/2017,1705,1
4BP1386,427624,434757,11/25/2017,1600,7
4BP1439,429974,436547,11/25/2017,1740,2
4BP1533,430875,434255,11/25/2017,1857,1
4BP1626,429932,433787,11/25/2017,1645,1
4BP1859,428965,437436,11/25/2017,2153,6
4BQ0085,429916,434372,11/26/2017,100,1
4BQ0707,428635,436496,11/26/2017,1115,2
4BQ0857,430344,435928,11/26/2017,1250,2
4BR0470,441074,449559,11/25/2017,1600,1
4BR0756,431075,431212,11/27/2017,1240,2
4BR0891,431797,426348,11/27/2017,1346,4
4BR1460,432164,426118,11/27/2017,1805,2
4BS0257,434921,434642,11/28/2017,730,1
4BS0354,420503,440236,11/28/2017,847,1
4BS0452,428665,437012,11/28/2017,935,1
4BS1020,428933,425984,11/18/2017,1400,1
4BT0434,425355,440818,11/29/2017,943,1
4BT0736,437769,427517,11/24/2017,2215,2
4BT1024,415909,442021,11/29/2017,2134,1
4BT1221,434428,435399,11/29/2017,1605,1
4BT1291,422065,432468,11/29/2017,1644,2
4BT1459,440874,434536,11/29/2017,1800,2
4BU0327,426671,438491,11/30/2017,825,1
4BU0335,432676,434592,11/30/2017,740,1
4BU0803,425291,428294,11/30/2017,1315,1
4BU1214,431383,434012,11/30/2017,1510,1
4C10049,430008,434320,12/1/2017,45,1
4C10063,443236,439622,12/1/2017,543,1
4C10176,430130,430949,12/1/2017,520,1
4C10398,429488,433786,12/1/2017,921,1
4C10440,427029,427932,12/1/2017,1323,2
4C10979,429923,432848,12/1/2017,1449,4
4C11212,441403,444960,12/1/2017,1630,1
4C11223,430272,433814,12/1/2017,1445,1
4C11300,435016,436031,12/1/2017,1650,1
4C11335,428455,431345,12/1/2017,1705,1
4C11398,431017,428490,12/1/2017,1742,1
4C11461,421115,434941,12/1/2017,1813,1
4C11544,434697,434565,12/1/2017,1850,1
4C11582,430700,439041,12/1/2017,1910,1
4C11985,430586,437074,12/1/2017,2320,1
4C12027,429274,435266,12/1/2017,2330,2
4C20178,429370,433727,12/2/2017,152,2
4C20645,425595,431369,12/2/2017,1021,3
4C20831,431620,436140,12/2/2017,1800,1
4C21612,427937,426303,12/2/2017,1827,3
4C31064,432190,429817,12/3/2017,1420,1
4C31780,427193,433523,12/3/2017,2038,1
4C40338,426185,426099,12/4/2017,852,1
4C40676,442620,427996,12/4/2017,1148,1
4C40867,430586,431796,12/3/2017,855,2
4C41133,438466,430384,12/4/2017,1450,1
4C41290,430292,434315,12/4/2017,1635,2
4C41501,439893,447400,12/4/2017,1812,1
4C41631,428125,426678,12/4/2017,2000,1
4C41815,426858,438041,12/4/2017,2020,1
4C50155,430036,431022,12/5/2017,300,1
4C50872,436856,428987,12/5/2017,1320,1
4C50999,424683,438095,12/2/2017,1500,1
4C51045,431265,438273,12/5/2017,1510,2
4C51166,438952,431558,12/5/2017,1550,1
4C51215,428449,429068,12/5/2017,1615,2
4C51339,432525,438359,12/5/2017,1700,1
4C51483,418149,442438,12/5/2017,1530,1
4C51510,424913,440283,12/5/2017,1720,1
4C51556,428558,427778,12/5/2017,1840,1
4C51878,429885,434289,12/5/2017,1920,1
4C60031,428210,436712,12/6/2017,36,1
4C60146,441501,430749,12/6/2017,337,3
4C60163,436100,425919,12/6/2017,500,1
4C60339,421728,432821,12/6/2017,1730,2
4C60486,429192,438574,12/6/2017,1034,1
4C62105,425116,425896,12/6/2017,2356,1
4C70349,421248,440672,12/7/2017,837,1
4C70862,425778,427095,12/8/2017,1600,1
4C71829,431177,431732,1/7/2017,1800,1
4C80605,436187,427362,12/8/2017,1049,1
4C80644,425991,428180,12/8/2017,1110,1
4C80757,422244,433427,12/8/2017,1254,1
4C81123,418804,441578,12/8/2017,1500,1
4C81646,426989,433439,12/8/2017,1856,1
4C81802,432286,435347,12/8/2017,2000,1
4C81843,419385,432661,12/7/2017,750,1
4C81904,426261,435581,12/8/2017,1620,1
4C91297,429087,433513,12/9/2017,1655,1
4CA1317,440968,432074,12/10/2017,1806,1
4CA1751,432643,435859,12/10/2017,2310,1
4CB0208,425201,436514,12/11/2017,715,1
4CB1462,427953,433624,12/11/2017,1835,2
4CC0213,428611,432796,12/12/2017,730,1
4CC0308,425015,433189,12/12/2017,857,1
4CC0314,431559,426429,12/12/2017,902,1
4CC0353,432297,427031,12/12/2017,925,2
4CC0730,427231,434731,12/12/2017,1245,1
4CC1019,431846,429798,12/12/2017,1535,5
4CC1212,430828,434007,12/12/2017,1645,1
4CC1372,427956,436097,12/12/2017,1610,1
4CC1394,432125,435339,12/12/2017,1823,1
4CC1736,442838,444969,12/12/2017,2115,1
4CD0463,428945,432948,12/13/2017,835,1
4CD1410,426148,439100,12/13/2017,1806,1
4CE0355,428955,435467,12/14/2017,820,1
4CE0384,429467,431223,12/14/2017,840,1
4CE0654,423241,434953,12/14/2017,1100,2
4CE1338,432130,435328,12/14/2017,1650,2
4CE1947,431887,435700,12/14/2017,2207,1
4CF0249,425037,433181,12/15/2017,635,1
4CF0266,429905,434401,12/15/2017,705,1
4CF0313,430871,429956,12/15/2017,800,1
4CF0359,422732,435534,12/15/2017,840,1
4CF0378,426816,438009,12/15/2017,755,1
4CF0387,432500,434076,12/15/2017,900,1
4CF0647,435687,436251,12/15/2017,954,1
4CF0676,425265,432975,12/15/2017,1200,2
4CF0703,426528,437988,12/15/2017,1210,1
4CF0936,431561,435184,12/12/2017,1625,1
4CF1039,431312,434130,12/15/2017,1518,1
4CF1222,429436,433459,12/15/2017,1620,1
4CF1424,431402,435028,12/15/2017,1752,1
4CF1427,433582,435850,12/15/2017,1755,1
4CF1955,442831,445001,12/15/2017,2200,1
4CG0399,425058,433369,12/16/2017,655,1
4CG0642,427239,440070,12/16/2017,1100,1
4CG1560,438083,430267,12/16/2017,1920,1
4CG1637,433376,434898,12/17/2017,2007,1
4CH1299,422642,440094,12/17/2017,1733,2
4CI0504,443348,434874,12/18/2017,1008,2
4CI0888,432469,432044,12/18/2017,1340,1
4CI1215,425155,428997,12/18/2017,1600,2
4CI1732,426510,439906,12/18/2017,1804,1
4CJ0881,431592,434015,12/19/2017,1330,1
4CJ1448,428421,432505,12/19/2017,1759,1
4CK0326,431558,435185,12/20/2017,845,1
4CK0411,430349,432101,12/7/2017,1620,1
4CK0890,430625,431980,12/20/2017,2235,1
4CK1083,424095,438511,12/20/2017,1530,2
4CK1107,434064,429930,12/20/2017,1545,1
4CK1309,425627,433080,12/20/2017,1700,1
4CK1885,431265,428408,12/20/2017,2030,1
4CL0472,430407,433477,12/20/2017,710,1
4CL0489,426242,431665,12/21/2017,930,1
4CL1451,426693,431728,12/21/2017,1735,1
4CM0375,426890,439189,12/22/2017,835,1
4CM0849,426849,441341,12/22/2017,1300,1
4CM1241,430828,433827,12/22/2017,1556,1
4CM1388,429962,434208,12/22/2017,1624,2
4CM1411,441743,430222,12/22/2017,1700,1
4CN1113,427712,436105,12/23/2017,1300,1
4CN1340,430236,435114,12/23/2017,1555,1
4CN1391,431402,435030,12/23/2017,1621,2
4CN1805,430348,427678,12/23/2017,1920,1
4CO0828,443351,438926,9/5/2017,1433,2
4CO1176,435467,433394,12/24/2017,1640,1
4CO1180,420944,436984,12/24/2017,1645,1
4CO1873,427904,426124,12/24/2017,2345,1
4CQ0712,440360,435571,12/26/2017,1355,2
4CQ0890,435234,434861,12/26/2017,1454,1
4CR0580,427835,431800,12/27/2017,1050,2
4CR0609,425057,433245,12/27/2017,1105,1
4CR0854,421050,441460,12/27/2017,1334,1
4CR1758,431097,432793,12/27/2017,2205,2
4CS1006,429922,427973,12/28/2017,1610,1
4CS1206,428391,432472,12/28/2017,1800,2
4CS1526,431350,435060,1/28/2017,1955,1
4CT0192,438666,433851,12/29/2017,500,1
4CT0276,420878,434568,12/29/2017,816,1
4CT0947,430703,436749,12/29/2017,1439,1
4CT1810,422581,433535,12/29/2017,2215,1
4CU0087,431997,430008,12/30/2017,107,2
4CU0583,426253,438110,12/30/2017,1120,1
4CU0586,431435,431610,12/30/2017,1125,3
4CU0830,443623,435703,12/30/2017,1345,1
4CU1068,416068,443207,12/30/2017,1550,3
4CU1264,431010,428170,12/30/2017,1550,1
4CV0870,430983,439018,12/31/2017,1345,1
4CV0902,430343,431175,12/31/2017,1515,2
4CV1387,427748,436446,12/31/2017,1935,1
4CV1544,420323,434279,12/31/2017,2111,1
51B1932,431947,435868,1/11/2017,2320,1
56R0735,421554,435973,6/27/2017,1400,1
